id;plan_type;plant_name;premium_value;from_date;to_date;content
1;deliverables reinvent 24 hour;overriding;70685;2019-05-23T12:59:47;2019-05-23T12:34:21;7175616e7469667920556e6272616e64656420506c61737469632054756e612046726f7a656e
2;generating Highway Ergonomic;moratorium moratorium;72960;2019-05-23T15:52:39;2019-05-23T14:46:02;434f4d
3;embrace Developer;synthesize Idaho compress;49379;2019-05-24T05:05:53;2019-05-23T17:31:23;706172746e657273686970732047726f6365727920496e74656c6c6967656e74
4;Dynamic;knowledge base Buckinghamshire;90756;2019-05-24T02:43:28;2019-05-24T00:05:08;72656c6174696f6e7368697073206f76657272696465
5;Brand;neutral Salad;92969;2019-05-23T15:05:03;2019-05-23T10:40:26;6465706f736974
6;Squares mint green e-business;Ghana back-end National;31800;2019-05-23T08:18:17;2019-05-24T03:25:38;50726f6669742d666f6375736564
7;Jewelery cutting-edge;Games;51074;2019-05-23T17:15:02;2019-05-23T20:03:03;6d6167656e746120436f6e6372657465
8;User-centric Gloves;Mauritania;70301;2019-05-23T20:22:35;2019-05-23T21:20:29;456e67696e656572
9;Exclusive Moroccan Dirham card;zero tolerance;3688;2019-05-23T23:39:57;2019-05-23T15:26:21;4265726b736869726520536d616c6c20506c61737469632050616e747320496e766573746f72
10;Canadian Dollar;Berkshire Designer;24205;2019-05-23T15:50:38;2019-05-23T13:56:15;6e61766967617465
